file_id,s3_location
0000,s3://bucket/prefix/367a3ab9-2b5a-4997-804b-8cea2d32b2e5.mp3
0001,s3://bucket/prefix/1bb77dfa-8576-4f0c-a96a-027ac646b631.mp3
0002,s3://bucket/prefix/edf7ea24-0287-4836-b286-fa769734d0a7.mp3
0003,s3://bucket/prefix/8e7ae1ff-5b45-438e-ac09-23f30f3f63e2.mp3
0004,s3://bucket/prefix/f80cf03c-4deb-4e65-9604-6e9ded2d1b68.mp3
0005,s3://bucket/prefix/d9b6ffd0-3429-43d2-b706-5048d3f71d44.mp3
0006,s3://bucket/prefix/bba7bcab-3e7c-4a1a-aa3e-f902596206c2.mp3
0007,s3://bucket/prefix/97d69f95-f230-49b9-871c-d5b80ece81b3.mp3
0008,s3://bucket/prefix/84194702-9f50-4d60-bc1f-093f3f36a4a5.mp3
0009,s3://bucket/prefix/4a297996-1ff3-4f47-aef8-58320f73360a.mp3
0010,s3://bucket/prefix/f1ad29d5-5552-4812-98fa-038095929cc7.mp3
0011,s3://bucket/prefix/983f0954-369d-46f6-970c-402a9122265d.mp3
0012,s3://bucket/prefix/a368f412-c833-4402-bef2-97565194ffe4.mp3
0013,s3://bucket/prefix/ff6db6c0-368c-4ce5-b774-7597e0d2a18b.mp3
0014,s3://bucket/prefix/a683c6de-0b50-44d1-a41e-40defd49fb9d.mp3
0015,s3://bucket/prefix/70a27e47-95bf-44ff-a87c-28a3a99fdfa3.mp3
0016,s3://bucket/prefix/cce27993-3c06-40f2-881d-deae95b1782a.mp3
0017,s3://bucket/prefix/37128e27-cb3c-4f5b-9cde-93d9a545d917.mp3
0018,s3://bucket/prefix/33343b02-9e82-4273-be77-740fc683697f.mp3
0019,s3://bucket/prefix/4b199937-776b-41c9-82a3-98362d055608.mp3
0020,s3://bucket/prefix/9db587b1-2c4e-4cb9-9d71-89b2ee75192c.mp3
0021,s3://bucket/prefix/5dc76a85-acc1-4e7c-8d07-001a558c730e.mp3
0022,s3://bucket/prefix/0301ef72-363b-44fd-aeb4-229d9a594a73.mp3
0023,s3://bucket/prefix/86687b38-a888-413b-b50d-5fe106d59140.mp3
0024,s3://bucket/prefix/fa0ddc3a-6579-4d37-9f59-7a4d663aaff1.mp3
0025,s3://bucket/prefix/0b8e4d77-073f-4a31-b0c4-209afce11d57.mp3
0026,s3://bucket/prefix/f2a767ef-38e0-4020-b70c-e348bf9f723e.mp3
0027,s3://bucket/prefix/17286c3f-a3a8-4f1d-9b44-51d9c0155a9e.mp3
0028,s3://bucket/prefix/fef4c190-e64d-4fe1-9d09-db1ac280a181.mp3
0029,s3://bucket/prefix/443952a2-a4c5-444d-ae47-1bc4683a23ee.mp3
0030,s3://bucket/prefix/d560e66c-a2a9-4609-9259-dc45b2ff258b.mp3
0031,s3://bucket/prefix/59c631c4-a553-4343-9492-c84bb9dc6283.mp3
0032,s3://bucket/prefix/7b703fca-abb4-4626-bd88-7862521f0b32.mp3
0033,s3://bucket/prefix/93d6e870-0da7-4bd3-96d1-45ab170351bf.mp3
0034,s3://bucket/prefix/2232104e-0f3c-4bc2-a191-861428fd275e.mp3
0035,s3://bucket/prefix/06ae0a39-c1ab-41e5-91e1-4063bc081139.mp3
0036,s3://bucket/prefix/3070d531-31bd-4099-8ab3-80e632d60246.mp3
0037,s3://bucket/prefix/e749ceb6-fd63-4f37-b00c-67130aea0226.mp3
0038,s3://bucket/prefix/d682e07c-1805-4a9d-a5d5-d0c9e5d4e9d6.mp3
0039,s3://bucket/prefix/a76827ca-d4db-45bf-b660-7164974c8a2b.mp3
0040,s3://bucket/prefix/4547f1d0-8f8b-4381-af4e-70a822af9797.mp3
0041,s3://bucket/prefix/c80c0d51-63e1-43f2-a38f-71b9a135d45a.mp3
0042,s3://bucket/prefix/d967a2c1-de33-4261-9eea-dcc3d197fce7.mp3
0043,s3://bucket/prefix/0fda7e49-27bd-4f66-8a36-689d8f864d7e.mp3
0044,s3://bucket/prefix/2027e822-fa67-46d2-9a17-f0ef670db844.mp3
0045,s3://bucket/prefix/d7fbfef1-bbea-48a9-ad7e-12428b98332c.mp3
0046,s3://bucket/prefix/6644ddee-1159-4c8d-953f-7dd49f2c5dcb.mp3
0047,s3://bucket/prefix/9a22d122-2084-4b7a-95ad-a787b31e97a3.mp3
0048,s3://bucket/prefix/caf5a44a-2c59-4026-af3d-2d8fc4dffe2e.mp3
0049,s3://bucket/prefix/c2c62d22-fab9-4047-9939-070c51999274.mp3
0050,s3://bucket/prefix/1cefa5e4-bb2c-4d29-8085-2eafd2d212ba.mp3
0051,s3://bucket/prefix/a75b6694-b34a-49d8-aee7-52deb560607e.mp3
0052,s3://bucket/prefix/b09f2d7e-45ea-47d0-b995-7dfe57cf270c.mp3
0053,s3://bucket/prefix/4f9eedc8-447c-4cf1-9ef4-27d84c9508eb.mp3
0054,s3://bucket/prefix/987af55d-e4c1-4196-a15f-2ac467adfdd8.mp3
0055,s3://bucket/prefix/128d879a-d031-487f-af29-36cef8e0941b.mp3
0056,s3://bucket/prefix/d8057bb8-1456-4a21-a3d0-cb19daad532a.mp3
0057,s3://bucket/prefix/4f05551b-69db-4877-9bf2-14add9472cb2.mp3
0058,s3://bucket/prefix/5f393640-a738-4b70-8094-3b3488b748e8.mp3
0059,s3://bucket/prefix/599f70a8-7dbf-4214-973a-7ec0a5f566b6.mp3
0060,s3://bucket/prefix/a91bf35c-d023-4692-bacc-4d120fd92517.mp3
0061,s3://bucket/prefix/59321484-131a-4ae8-ab70-70208e870383.mp3
0062,s3://bucket/prefix/45a5c98c-5904-4578-84c6-10799b0a4cb9.mp3
0063,s3://bucket/prefix/1a9e5bef-7f73-4b3a-a480-07c58f34d2b6.mp3
0064,s3://bucket/prefix/44c66a00-31ca-42ca-b5ac-c05231692e5e.mp3
0065,s3://bucket/prefix/996cbfcf-bc62-40d3-a20a-c5c26c0e27a3.mp3
0066,s3://bucket/prefix/1e2b9fde-2417-409c-84dd-f12310a63686.mp3
0067,s3://bucket/prefix/37257c10-bf25-4099-8a87-f1b3ceb96180.mp3
0068,s3://bucket/prefix/a5242210-af04-4c13-b03b-abb1fb4bc104.mp3
0069,s3://bucket/prefix/8c01e845-ad59-4990-9d91-bf19545732d5.mp3
0070,s3://bucket/prefix/d28514e3-8701-4683-b3dc-fc90c7e2ba04.mp3
0071,s3://bucket/prefix/f73af416-8722-4b7c-a47c-131ded813884.mp3
0072,s3://bucket/prefix/a880ed21-0d34-4342-a7cb-e8f742fdab65.mp3
0073,s3://bucket/prefix/ee6b6d53-ca7b-4371-9575-b2408ec5d4d6.mp3
0074,s3://bucket/prefix/f3129e96-19a6-4a86-a70e-0dc719f4b83e.mp3
0075,s3://bucket/prefix/99288119-0ce9-4607-b3ac-138a160db7e5.mp3
0076,s3://bucket/prefix/21ffa2fc-ab37-4b9f-8b4b-443b4f94978b.mp3
0077,s3://bucket/prefix/d8549d75-27e1-4076-8852-b72db1586345.mp3
0078,s3://bucket/prefix/a2ff375a-c3a9-4f6a-88a9-6b972dfa22eb.mp3
0079,s3://bucket/prefix/628376fd-182f-4d8d-9577-13869668ee6e.mp3
0080,s3://bucket/prefix/46c213b5-f46a-413d-b743-b814ae29756a.mp3
0081,s3://bucket/prefix/a5f949fe-728e-495d-99bf-2f9df4df4e1f.mp3
0082,s3://bucket/prefix/805491b6-22c4-4489-92af-f388d4810c81.mp3
0083,s3://bucket/prefix/c490757b-697a-4514-b819-0f3fa29f524c.mp3
0084,s3://bucket/prefix/b27d0074-895c-4d48-9575-7e7f84152d75.mp3
0085,s3://bucket/prefix/fadce1a2-6189-41f4-83f4-512de1065481.mp3
0086,s3://bucket/prefix/d6940359-0f04-42b1-b974-896448a0a117.mp3
0087,s3://bucket/prefix/444dfcc5-7c2c-4e84-be80-95e2133d233d.mp3
0088,s3://bucket/prefix/edd0ba73-0bfe-4d23-b28d-5024bf76d147.mp3
0089,s3://bucket/prefix/676fb7fd-d40d-4b7f-bec5-fabc6561cca6.mp3
0090,s3://bucket/prefix/49e0cc69-105f-43e3-9f0a-a9509f51667a.mp3
0091,s3://bucket/prefix/d343b2ee-d9d9-455c-8d20-c26eb92067b6.mp3
0092,s3://bucket/prefix/511ad756-147c-4d3d-a00c-eedfb8141156.mp3
0093,s3://bucket/prefix/1771db30-384e-4bba-8616-cb0764101dde.mp3
0094,s3://bucket/prefix/4164b0b7-2b37-4b2f-a6f8-84a345b4c4bf.mp3
0095,s3://bucket/prefix/d87d5da4-1dbe-4d38-80cd-953325091235.mp3
0096,s3://bucket/prefix/c1328b65-aa29-4157-9ae8-45f389f6eddf.mp3
0097,s3://bucket/prefix/f71abf11-b8c0-4dcb-8c1d-28b287672c72.mp3
0098,s3://bucket/prefix/15ea42a7-406a-4a1d-9e3e-db045d7ea783.mp3
0099,s3://bucket/prefix/a2e342fa-a83a-4d28-bc60-e653f8bf65ed.mp3
